{
    "results": {
        "current": [
            {
                "location": "353554",
                "phrase": "CLOUDY",
                "description": "Cloudy",
                "temp": 66,
                "temp_unit": "F",
                "aptemp": 69,
                "aptemp_unit": "F",
                "wndchl": 66,
                "wndchl_unit": "F",
                "rhumid": 100,
                "wind_dir": "NE",
                "windspeed": 8.1,
                "windspeed_unit": "mi/h",
                "pressure": "29.9",
                "pressure_unit": "inHg",
                "visibility": 10,
                "visibility_unit": "mi",
                "icon": "07",
                "image": "https://static01.nytimes.com/images/apps/weather/7.gif",
                "updated": "2020-02-09 03:06:01",
                "city": "Bhubaneswer",
                "state": "Odisha",
                "country": "India",
                "zipcode": "",
                "date": "2020-02-09T03:06:01+00:00"
            }
        ],
        "seven_day_forecast": [
            {
                "location": "353554",
                "day": "Sunday",
                "icon": "15",
                "image": "https://static01.nytimes.com/images/apps/weather/15.gif",
                "high": 75,
                "high_unit": "F",
                "low": 64,
                "low_unit": "F",
                "phrase": "Humid with considerable cloudiness; a shower or thunderstorm in the area this afternoon",
                "updated": "2020-02-09 03:06:01",
                "city": "Bhubaneswer",
                "state": "Odisha",
                "country": "India",
                "zipcode": "",
                "date": "2020-02-09T07:00:00+02:00"
            },
            {
                "location": "353554",
                "day": "Monday",
                "icon": "15",
                "image": "https://static01.nytimes.com/images/apps/weather/15.gif",
                "high": 74,
                "high_unit": "F",
                "low": 63,
                "low_unit": "F",
                "phrase": "Cloudy and humid; a t-storm in spots in the morning followed by a t-storm or two in the afternoon",
                "updated": "2020-02-09 03:06:01",
                "city": "Bhubaneswer",
                "state": "Odisha",
                "country": "India",
                "zipcode": "",
                "date": "2020-02-10T07:00:00+02:00"
            },
            {
                "location": "353554",
                "day": "Tuesday",
                "icon": "15",
                "image": "https://static01.nytimes.com/images/apps/weather/15.gif",
                "high": 71,
                "high_unit": "F",
                "low": 63,
                "low_unit": "F",
                "phrase": "Cloudy with a shower or heavier thunderstorm in the area, mainly later",
                "updated": "2020-02-09 03:06:01",
                "city": "Bhubaneswer",
                "state": "Odisha",
                "country": "India",
                "zipcode": "",
                "date": "2020-02-11T07:00:00+02:00"
            },
            {
                "location": "353554",
                "day": "Wednesday",
                "icon": "12",
                "image": "https://static01.nytimes.com/images/apps/weather/12.gif",
                "high": 70,
                "high_unit": "F",
                "low": 62,
                "low_unit": "F",
                "phrase": "Cloudy and humid; morning rain followed by a thundershower in parts of the area in the afternoon",
                "updated": "2020-02-09 03:06:01",
                "city": "Bhubaneswer",
                "state": "Odisha",
                "country": "India",
                "zipcode": "",
                "date": "2020-02-12T07:00:00+02:00"
            },
            {
                "location": "353554",
                "day": "Thursday",
                "icon": "07",
                "image": "https://static01.nytimes.com/images/apps/weather/7.gif",
                "high": 74,
                "high_unit": "F",
                "low": 62,
                "low_unit": "F",
                "phrase": "Remaining cloudy and humid with a shower or thunderstorm around",
                "updated": "2020-02-09 03:06:01",
                "city": "Bhubaneswer",
                "state": "Odisha",
                "country": "India",
                "zipcode": "",
                "date": "2020-02-13T07:00:00+02:00"
            }
        ],
        "is_default": false
    }
}